time_s,K_filt
0.0,0.031366
0.041,0.076032
0.081,0.124011
0.121,0.139117
0.161,0.137128
0.201,0.127219
0.241,0.114045
0.281,0.100261
0.321,0.087152
0.361,0.075236
0.401,0.064551
0.441,0.055115
0.481,0.046825
0.521,0.039719
0.561,0.033634
0.601,0.028515
0.641,0.024138
0.681,0.020341
0.721,0.017125
0.761,0.014335
0.801,0.011948
0.841,0.009914
0.881,0.008257
0.921,0.006966
0.961,0.005889
1.001,0.00491
1.041,0.004024
1.081,0.00327
1.121,0.002835
1.161,0.002479
1.201,0.002201
1.241,0.001822
1.281,0.001441
1.321,0.001071
1.361,0.000749
1.401,0.000555
1.441,0.000395
1.481,0.000366
1.521,0.000239
1.561,0.000164
1.601,7.2e-05
1.641,4.2e-05
1.681,-4.7e-05
1.721,-0.00018
1.761,-0.000309
1.801,-0.000237
1.841,-9.7e-05
1.881,7.3e-05
1.921,0.000164
1.961,0.000183
2.001,0.000194
2.041,0.000146
2.081,0.00011
2.121,7.3e-05
2.161,-6e-06
2.201,-8.2e-05
2.241,-0.000193
2.281,-0.000296
2.321,-0.000399
2.361,-0.000481
2.401,-0.000551
2.441,-0.000643
2.481,-0.00064
2.521,-0.000487
2.561,-0.000269
2.601,-7e-05
2.641,-5.4e-05
2.681,-9e-05
2.721,-0.000175
2.761,-0.000139
2.801,-0.000144
2.841,-0.000152
2.881,-0.000225
2.921,-0.000259
2.961,-0.000335
3.001,-0.000431
3.041,-0.000507
3.081,-0.000593
3.121,-0.000621
3.161,-0.000574
3.201,-0.000353
3.241,-0.000102
3.281,5.5e-05
3.321,6.9e-05
3.361,4.3e-05
3.401,5e-06
3.441,4e-05
3.481,4.1e-05
3.521,7.5e-05
3.561,3.4e-05
3.601,-5.9e-05
3.641,-0.000142
3.681,-0.000183
3.721,-0.000213
3.761,-0.000243
3.801,-0.000247
3.841,-7.4e-05
3.881,0.000176
3.921,0.000404
3.961,0.000502
4.001,0.000454
4.041,0.000386
4.081,0.000281
4.121,0.000253
4.161,0.000195
4.201,0.000217
4.241,0.000186
4.281,0.000136
4.321,2.8e-05
4.361,-4.3e-05
4.401,-0.000138
4.441,-0.000242
4.481,-0.000274
4.521,-0.000129
4.561,0.000116
4.601,0.00037
4.641,0.000571
4.681,0.000692
4.721,0.000683
4.761,0.000598
4.801,0.000487
4.841,0.000396
4.881,0.000359
4.921,0.00035
4.961,0.000339
5.001,0.000264
5.041,8e-05
5.081,-2.5e-05
5.121,-8.8e-05
5.161,-4.2e-05
5.201,-1.6e-05
5.241,0.000106
5.281,0.000269
5.321,0.000433
5.361,0.000508
5.401,0.000515
5.441,0.000531
5.481,0.000513
5.521,0.000447
5.561,0.000396
5.601,0.000301
5.641,0.000267
5.681,0.000144
5.721,7.7e-05
5.761,-6e-05
5.801,-0.000165
5.841,-0.000231
5.881,-0.000285
5.921,-0.000311
5.961,-0.000277
6.001,-9e-05
6.041,0.000141
6.081,0.000272
6.121,0.000352
6.161,0.000307
6.201,0.000254
6.241,0.000207
6.281,0.000222
6.321,0.00014
6.361,8.4e-05
6.401,-2.3e-05
6.441,-7.5e-05
6.481,-0.000234
6.521,-0.000371
6.561,-0.000478
6.601,-0.000523
6.641,-0.000569
6.681,-0.000588
6.721,-0.000614
6.761,-0.000519
6.801,-0.000371
6.841,-0.000206
6.881,-0.000142
6.921,-0.000115
6.961,-5.5e-05
7.001,-2.3e-05
7.041,-0.000101
7.081,-0.00028
7.121,-0.000452
7.161,-0.00051
7.201,-0.000562
7.241,-0.000644
7.281,-0.000713
7.321,-0.00074
7.361,-0.000764
7.401,-0.000782
7.441,-0.000817
7.481,-0.000665
7.521,-0.000443
7.561,-0.000214
7.601,-0.000127
7.641,-0.000159
7.681,-0.000221
7.721,-0.000318
7.761,-0.000342
7.801,-0.00036
7.841,-0.000365
7.881,-0.000414
7.921,-0.000478
7.961,-0.000515
8.001,-0.000581
8.041,-0.000637
8.081,-0.000713
8.121,-0.000844
8.161,-0.0009
8.201,-0.000797
8.241,-0.000474
8.281,-7.7e-05
8.321,0.000278
8.361,0.000471
8.401,0.000541
8.441,0.00055
8.481,0.000532
8.521,0.000448
8.561,0.00023
8.601,7.1e-05
8.641,-5.7e-05
8.681,-0.000155
8.721,-0.000244
8.761,-0.000222
8.801,-0.000177
8.841,-0.000102
8.881,-2.2e-05
8.921,0.00014
8.961,0.000255
9.001,0.000182
9.041,-1.6e-05
9.081,-0.000213
9.121,-0.000258
9.161,-0.000234
9.201,-0.000175
9.241,-0.000206
9.281,-0.000137
9.321,-0.000177
9.361,-0.000273
9.401,-0.000383
9.441,-0.000434
9.481,-0.000345
9.521,-0.000215
9.561,7.8e-05
9.601,0.000343
9.641,0.000536
9.681,0.000565
9.721,0.000549
9.761,0.000507
9.801,0.000417
9.841,0.000352
9.881,0.000255
9.921,0.000216
9.961,0.00016
10.001,0.000145
10.041,9.4e-05
10.081,0.000101
10.121,0.000186
10.161,0.000365
10.201,0.000602
10.241,0.000718
10.281,0.00073
10.321,0.000641
10.361,0.000563
10.401,0.000487
10.441,0.00042
10.481,0.000404
10.521,0.000402
10.561,0.000356
10.601,0.000218
10.641,0.000107
10.681,8.6e-05
10.721,0.000181
10.761,0.000349
10.801,0.000554
10.841,0.000761
10.881,0.000843
10.921,0.000872
10.961,0.000801
11.001,0.000743
11.041,0.000625
11.081,0.000501
11.121,0.000354
11.161,0.000276
11.201,0.000145
11.241,6.9e-05
11.281,-9.4e-05
11.321,-0.00015
11.361,-0.000142
11.401,1e-05
11.441,0.000255
11.481,0.000444
11.521,0.000542
11.561,0.000507
11.601,0.000522
11.641,0.000535
11.681,0.000538
11.721,0.000407
11.761,0.000227
11.801,4.7e-05
11.841,-7.7e-05
11.881,-0.000171
11.921,-0.000248
11.961,-0.000333
12.001,-0.000372
12.041,-0.000374
12.081,-0.000242
12.121,2e-06
12.161,0.000284
12.201,0.000493
12.241,0.000511
12.281,0.000473
12.321,0.000446
12.361,0.000443
12.401,0.00043
12.441,0.000369
12.481,0.000305
12.521,0.000226
12.561,0.00015
12.601,5.1e-05
12.641,-1.7e-05
12.681,-8.6e-05
12.721,-0.000144
12.761,-0.000192
12.801,-0.000237
12.841,-0.000242
12.881,-0.000184
12.921,3.2e-05
12.961,0.000257
13.001,0.000441
13.041,0.000497
13.081,0.000492
13.121,0.000408
13.161,0.000301
13.201,0.000238
13.241,0.000214
13.281,0.000124
13.321,3.9e-05
13.361,-1.7e-05
13.401,-4.6e-05
13.441,-0.000133
13.481,-0.000255
13.521,-0.000315
13.561,-0.000282
13.601,-0.000216
13.641,-0.000155
13.681,1.4e-05
13.721,0.000208
13.761,0.000385
13.801,0.000454
13.841,0.000517
13.881,0.000589
13.921,0.000663
13.961,0.000611
14.001,0.000504
14.041,0.000351
14.081,0.000279
14.121,0.000244
14.161,0.000208
14.201,0.000186
14.241,0.000118
14.281,5.7e-05
14.321,-1e-06
14.361,6e-06
14.401,3.7e-05
14.441,-1.1e-05
14.481,4.7e-05
14.521,0.000141
14.561,0.000382
14.601,0.00053
14.641,0.000561
14.681,0.000477
14.721,0.000372
14.761,0.000351
14.801,0.000264
14.841,0.000233
14.881,0.000162
14.921,0.00021
14.961,0.000127
15.001,0.000103
15.041,8e-06
15.081,7e-06
15.121,-8.5e-05
15.161,-7.4e-05
15.201,9e-06
15.241,0.000214
15.281,0.000417
15.321,0.000486
15.361,0.000496
15.401,0.000461
15.441,0.000392
15.481,0.000353
15.521,0.000328
15.561,0.00034
15.601,0.000296
15.641,0.00023
15.681,0.000167
15.721,0.00017
15.761,0.000129
15.801,7.9e-05
15.841,-7.9e-05
15.881,-0.000175
15.921,-0.000151
15.961,5e-05
16.001,0.000268
16.041,0.000389
16.081,0.000325
16.121,0.000256
16.161,0.000209
16.201,0.000203
16.241,0.000142
16.281,5.5e-05
16.321,-1e-06
16.361,-6.3e-05
16.401,-6.5e-05
16.441,-0.000149
16.481,-0.000188
16.521,-0.00029
16.561,-0.000309
16.601,-0.000353
16.641,-0.000228
16.681,9e-06
16.721,0.000293
16.761,0.00044
16.801,0.000401
16.841,0.000359
16.881,0.000288
16.921,0.000283
16.961,0.000202
17.001,0.000194
17.041,0.000164
17.081,0.000181
17.121,9.9e-05
17.161,5.2e-05
17.201,-0.000108
17.241,-0.000214
17.281,-0.000347
17.321,-0.000286
17.361,-9.3e-05
17.401,0.000155
17.441,0.000342
17.481,0.000393
17.521,0.000383
17.561,0.000302
17.601,0.00022
17.641,0.000157
17.681,0.0002
17.721,0.000225
17.761,0.000203
17.801,0.000138
17.841,2.9e-05
17.881,-0.000101
17.921,-0.000208
17.961,-0.000241
18.001,-0.000117
18.041,4.2e-05
18.081,0.000226
18.121,0.000343
18.161,0.000348
18.201,0.000256
18.241,0.000173
18.281,0.000153
18.321,0.000184
18.361,0.000183
18.401,9.2e-05
18.441,3.7e-05
18.481,-5.9e-05
18.521,-5.1e-05
18.561,-9.6e-05
18.601,-8.4e-05
18.641,-2.1e-05
18.681,0.000129
18.721,0.0003
18.761,0.000398
18.801,0.000407
18.841,0.000333
18.881,0.000279
18.921,0.000224
18.961,0.000185
19.001,0.000156
19.041,0.000147
19.081,0.000159
19.121,0.000113
19.161,4.4e-05
19.201,3e-06
19.241,6e-06
19.281,0.000147
19.321,0.000283
19.361,0.000434
19.401,0.000429
19.441,0.00035
19.481,0.000183
19.521,0.000141
19.561,0.000167
19.601,0.000226
19.641,0.000204
19.681,0.00016
19.721,0.00013
19.761,8.3e-05
19.801,6.8e-05
19.841,0.000163
19.881,0.000389
19.921,0.000562
19.961,0.000638
20.001,0.000545
20.041,0.000453
20.081,0.000277
20.121,0.000165
20.161,0.000107
20.201,9.6e-05
20.241,8.6e-05
20.281,7.3e-05
20.321,8.4e-05
20.361,3.6e-05
20.401,-8e-06
20.441,6.4e-05
20.481,0.00023
20.521,0.000412
20.561,0.000515
20.601,0.000556
20.641,0.000506
20.681,0.000434
20.721,0.000418
20.761,0.000438
20.801,0.000418
20.841,0.000378
20.881,0.000372
20.921,0.000297
20.961,0.000156
21.001,-4e-05
21.041,-6.3e-05
21.081,5.6e-05
21.121,0.000232
21.161,0.000306
21.201,0.000272
21.241,0.000197
21.281,0.000132
21.321,7.3e-05
21.361,0.000111
21.401,0.00013
21.441,0.000125
21.481,1.1e-05
21.521,-9.4e-05
21.561,-0.00022
21.601,-0.000262
21.641,-0.000309
21.681,-0.000291
21.721,-0.000262
21.761,-9.2e-05
21.801,7.2e-05
21.841,0.000228
21.881,0.000282
21.921,0.000335
21.961,0.000321
22.001,0.00025
22.041,0.000171
22.081,0.000147
22.121,9.1e-05
22.161,-2e-06
22.201,-0.000125
22.241,-0.000139
22.281,-0.000186
22.321,-0.000282
22.361,-0.000417
22.401,-0.000592
22.441,-0.000741
22.481,-0.000923
22.521,-0.000948
22.561,-0.000854
22.601,-0.00068
22.641,-0.000442
22.681,-0.000263
22.721,-7.6e-05
22.761,0.000104
22.801,0.000225
22.841,0.000329
22.881,0.000321
22.921,0.000396
22.961,0.000378
23.001,0.000393
23.041,0.000337
23.081,0.00028
23.121,0.000181
23.161,7e-06
23.201,-9.5e-05
23.241,-0.000254
23.281,-0.000291
23.321,-0.000313
23.361,-0.000178
23.401,-9e-06
23.441,0.000207
23.481,0.000397
23.521,0.000484
23.561,0.000458
23.601,0.000294
23.641,0.000189
23.681,0.000118
23.721,0.000173
23.761,0.000169
23.801,0.000214
23.841,0.000171
23.881,0.000163
23.921,0.00012
23.961,9.9e-05
24.001,5.2e-05
24.041,-2.6e-05
24.081,-5e-06
24.121,7.6e-05
24.161,0.000176
24.201,0.000231
24.241,0.000221
24.281,0.000219
24.321,0.000185
24.361,0.000162
24.401,0.000142
24.441,0.000119
24.481,9.5e-05
24.521,9.2e-05
24.561,5.7e-05
24.601,1e-06
24.641,-3.5e-05
24.681,-4.6e-05
24.721,-3.4e-05
24.761,-2.6e-05
24.801,6e-06
24.841,9.9e-05
24.881,0.000152
24.921,0.000213
24.961,0.000213
25.001,0.00022
25.041,0.000204
25.081,0.00024
25.121,0.000172
25.161,0.00017
25.201,0.000112
25.241,0.000176
25.281,0.000136
25.321,5.4e-05
25.361,-8e-06
25.401,-6.5e-05
25.441,-3e-05
25.481,-1.2e-05
25.521,0.000139
25.561,0.000277
25.601,0.000365
25.641,0.000382
25.681,0.000347
25.721,0.000328
25.761,0.000228
25.801,0.000221
25.841,0.000111
25.881,3.7e-05
25.921,-6.5e-05
25.961,-4.5e-05
26.001,-5.2e-05
26.041,-4e-05
26.081,3.4e-05
26.121,0.000115
26.161,0.000183
26.201,0.000199
26.241,0.000222
26.281,0.000232
26.321,0.000198
26.361,0.000218
26.401,0.000228
26.441,0.000263
26.481,0.000202
26.521,9.6e-05
26.561,1.9e-05
26.601,4e-06
26.641,-1e-06
26.681,-5.1e-05
26.721,-1.4e-05
26.761,7.7e-05
26.801,0.000237
26.841,0.000314
26.881,0.000397
26.921,0.000338
26.961,0.000263
27.001,3.8e-05
27.041,-9.4e-05
27.081,-0.000156
27.121,-0.000151
27.161,-0.000182
27.201,-0.000272
27.241,-0.000299
27.281,-0.00032
27.321,-0.000289
27.361,-0.000195
27.401,-6.5e-05
27.441,2.5e-05
27.481,5e-05
27.521,7.5e-05
27.561,5.9e-05
27.601,3.3e-05
27.641,2.4e-05
27.681,6.8e-05
27.721,3.7e-05
27.761,-9e-06
27.801,-3.7e-05
27.841,-2.7e-05
27.881,-2.9e-05
27.921,-6.6e-05
27.961,-0.000206
28.001,-0.000306
28.041,-0.000285
28.081,-7.7e-05
28.121,0.00014
28.161,0.000213
28.201,0.00019
28.241,0.000116
28.281,4.5e-05
28.321,-1.2e-05
28.361,-3.4e-05
28.401,-4.1e-05
28.441,-6.9e-05
28.481,-0.000175
28.521,-0.000214
28.561,-0.000275
28.601,-0.000274
28.641,-0.00025
28.681,-0.000131
28.721,2e-06
28.761,4.6e-05
28.801,0.000139
28.841,0.000177
28.881,0.000188
28.921,0.00016
28.961,0.000123
29.001,0.000109
29.041,5.2e-05
29.081,-5e-05
29.121,-0.000176
29.161,-0.00022
29.201,-0.000198
29.241,-0.00018
29.281,-0.00021
29.321,-0.000152
29.361,9e-06
29.401,0.000157
29.441,0.000194
29.481,0.000191
29.521,0.000114
29.561,7.4e-05
29.601,8.3e-05
29.641,0.000101
29.681,4.9e-05
29.721,-6.1e-05
29.761,-0.000136
29.801,-0.000127
29.841,-0.000107
29.881,-5.5e-05
29.921,-7.4e-05
29.961,-1.2e-05
30.001,8.7e-05
30.041,0.000253
30.081,0.000314
30.121,0.000258
30.161,0.000266
30.201,0.000257
30.241,0.000243
30.281,0.000129
30.321,8.3e-05
30.361,0.000141
30.401,0.000162
30.441,0.000193
30.481,0.000107
30.521,3.2e-05
30.561,-5.8e-05
30.601,-9.6e-05
30.641,-1.9e-05
30.681,1.6e-05
30.721,0.000186
30.761,0.000265
30.801,0.000334
30.841,0.000322
30.881,0.000323
30.921,0.000366
30.961,0.000304
31.001,0.000232
31.041,0.000152
31.081,8.7e-05
31.121,3.7e-05
31.161,-5.5e-05
31.201,-4.8e-05
31.241,-9.6e-05
31.281,-1.5e-05
31.321,3e-05
31.361,0.000156
31.401,0.000126
31.441,0.000135
31.481,0.000134
31.521,0.000205
31.561,0.00025
31.601,0.000279
31.641,0.000218
31.681,0.000103
31.721,1.9e-05
31.761,-3.7e-05
31.801,-2.5e-05
31.841,-8.6e-05
31.881,-0.000137
31.921,-0.000199
31.961,-9.1e-05
32.001,2.1e-05
32.041,0.000161
32.081,0.000139
32.121,0.000187
32.161,0.000149
32.201,0.000154
32.241,0.000105
32.281,7e-05
32.321,-4e-06
32.361,-0.0001
32.401,-0.000257
32.441,-0.000322
32.481,-0.000299
32.521,-0.000187
32.561,-0.000117
32.601,-8.8e-05
32.641,-0.000101
32.681,-0.000159
32.721,-0.000157
32.761,-7.7e-05
32.801,6.9e-05
32.841,4.8e-05
32.881,3e-06
32.921,-2.8e-05
32.961,1e-05
33.001,3.4e-05
33.041,-1.8e-05
33.081,-1.6e-05
33.121,-4.9e-05
33.161,-5.2e-05
33.201,-0.000111
33.241,-0.000139
33.281,-0.000158
33.321,-9.7e-05
33.361,-3.9e-05
33.401,-3e-06
33.441,1.8e-05
33.481,3.3e-05
33.521,7.6e-05
33.561,4.3e-05
33.601,-2.3e-05
33.641,-4.2e-05
33.681,-6.9e-05
33.721,-6.7e-05
33.761,-0.000115
33.801,-0.000131
33.841,-0.000188
33.881,-0.000283
33.921,-0.000232
33.961,-0.00013
34.001,-6e-06
34.041,-3.1e-05
34.081,-1.7e-05
34.121,2.2e-05
34.161,-6e-06
34.201,-2.9e-05
34.241,-3.4e-05
34.281,3e-05
34.321,5.3e-05
34.361,1.7e-05
34.401,-7.4e-05
34.441,-0.000143
34.481,-0.000174
34.521,-0.00011
34.561,-6.6e-05
34.601,-1.6e-05
34.641,1e-05
34.681,1.5e-05
34.721,-4.3e-05
34.761,-0.000152
34.801,-0.00026
34.841,-0.000287
34.881,-0.000236
34.921,-0.000166
34.961,-0.000153
35.001,-0.000163
35.041,-0.00018
35.081,-0.00014
35.121,-0.000141
35.161,-8.5e-05
35.201,-6.8e-05
35.241,-2.4e-05
35.281,-4.1e-05
35.321,-1.6e-05
35.361,-4.5e-05
35.401,-0.000105
35.441,-0.000234
35.481,-0.000274
35.521,-0.000229
35.561,-0.000147
35.601,-0.000123
35.641,-0.000177
35.681,-0.000198
35.721,-0.000155
35.761,-8.2e-05
35.801,-5.9e-05
35.841,-3.2e-05
35.881,-2.4e-05
35.921,2.1e-05
35.961,-8e-06
36.001,1.7e-05
36.041,6.4e-05
36.081,4.9e-05
36.121,1.2e-05
36.161,-9.9e-05
36.201,-0.000187
36.241,-0.00032
36.281,-0.000323
36.321,-0.000215
36.361,-4e-06
36.401,4.4e-05
36.441,0.000123
36.481,0.000134
36.521,0.00016
36.561,0.000176
36.601,0.000137
36.641,5.5e-05
36.681,-7.3e-05
36.721,-0.000153
36.761,-0.000125
36.801,-0.000198
36.841,-0.000245
36.881,-0.000309
36.921,-0.000287
36.961,-0.000157
37.001,-4.3e-05
37.041,6.2e-05
37.081,3.6e-05
37.121,-3.4e-05
37.161,-1.7e-05
37.201,2.1e-05
37.241,8.6e-05
37.281,6.4e-05
37.321,2.4e-05
37.361,7.7e-05
37.401,9e-05
37.441,7.3e-05
37.481,-2.9e-05
37.521,-0.000115
37.561,-0.000128
37.601,-5.9e-05
37.641,6.4e-05
37.681,0.000108
37.721,7e-05
37.761,9.4e-05
37.801,0.000202
37.841,0.000251
37.881,0.000168
37.921,3.2e-05
37.961,-1.5e-05
38.001,-9e-06
38.041,-1.7e-05
38.081,-7.7e-05
38.121,-0.000104
38.161,-0.000129
38.201,-0.000172
38.241,-0.000233
38.281,-0.000167
38.321,-4.6e-05
38.361,8.1e-05
38.401,0.000104
38.441,0.000151
38.481,0.00016
38.521,0.000195
38.561,0.000143
38.601,0.000104
38.641,7.2e-05
38.681,6.3e-05
38.721,5.1e-05
38.761,-2e-06
38.801,1.3e-05
38.841,2.1e-05
38.881,6.6e-05
38.921,6.6e-05
38.961,7.5e-05
39.001,9.3e-05
39.041,0.000102
39.081,0.000107
39.121,6e-05
39.161,6.2e-05
39.201,0.000108
39.241,0.000213
39.281,0.000287
39.321,0.000325
39.361,0.000237
39.401,0.000151
39.441,6.6e-05
39.481,7.9e-05
39.521,9.2e-05
39.561,0.000117
39.601,5.4e-05
39.641,4.6e-05
39.681,6.1e-05
39.721,0.000178
39.761,0.000171
39.801,9.7e-05
39.841,-6e-06
39.881,4.2e-05
39.921,6.2e-05
39.961,8e-05
40.001,-2e-05
40.041,7e-06
40.081,-7e-06
40.121,1.2e-05
40.161,-6.4e-05
40.201,-0.000137
40.241,-0.000121
40.281,-4e-05
40.321,8e-05
40.361,0.000127
40.401,7.6e-05
40.441,2e-05
40.481,-6.9e-05
40.521,-8.3e-05
40.561,-7.6e-05
40.601,-1.5e-05
40.641,6.1e-05
40.681,0.0001
40.721,4e-05
40.761,-0.00013
40.801,-0.00024
40.841,-0.000323
40.881,-0.000221
40.921,-0.000115
40.961,4.6e-05
41.001,0.000118
41.041,0.00016
41.081,0.00012
41.121,8.9e-05
41.161,2.6e-05
41.201,2.1e-05
41.241,-6.7e-05
41.281,-0.000111
41.321,-0.000192
41.361,-0.000184
41.401,-0.000225
41.441,-0.000211
41.481,-0.000203
41.521,-0.000181
41.561,-9.9e-05
41.601,-2.5e-05
41.641,0.00012
41.681,0.000184
41.721,0.000213
41.761,0.000183
41.801,0.000148
41.841,0.000178
41.881,0.000143
41.921,5.5e-05
41.961,-3.9e-05
42.001,-0.000128
42.041,-0.000164
42.081,-0.000188
42.121,-0.000108
42.161,-1e-05
42.201,8.1e-05
42.241,0.000137
42.281,0.000185
42.321,0.000178
42.361,0.000191
42.401,0.000162
42.441,0.00012
42.481,9.3e-05
42.521,0.000122
42.561,0.000102
42.601,8.7e-05
42.641,5.2e-05
42.681,2.8e-05
42.721,-0.000104
42.761,-0.000183
42.801,-0.000133
42.841,1.1e-05
42.881,0.000132
42.921,0.000222
42.961,0.000203
43.001,0.000172
43.041,0.000161
43.081,0.000172
43.121,0.000153
43.161,0.000113
43.201,0.000125
43.241,8.5e-05
43.281,-1.9e-05
43.321,-0.000119
43.361,-6.5e-05
43.401,7.8e-05
43.441,0.000261
43.481,0.000342
43.521,0.000347
43.561,0.000268
43.601,0.000162
43.641,0.000121
43.681,0.000123
43.721,0.000149
43.761,0.000133
43.801,0.000128
43.841,0.000114
43.881,9e-05
43.921,8.6e-05
43.961,0.000131
44.001,0.000132
44.041,0.000133
44.081,0.000103
44.121,0.000154
44.161,0.000193
44.201,0.000272
44.241,0.000285
44.281,0.000262
44.321,0.000185
44.361,9.5e-05
44.401,1.3e-05
44.441,-2.9e-05
44.481,-9.4e-05
44.521,-8.3e-05
44.561,-2.2e-05
44.601,0.000123
44.641,0.000161
44.681,0.000137
44.721,8.3e-05
44.761,5.8e-05
44.801,2e-05
44.841,2.8e-05
44.881,6e-05
44.921,7.3e-05
44.961,-2.3e-05
45.001,-0.000116
45.041,-0.000167
45.081,-0.00013
45.121,-6.5e-05
45.161,1.1e-05
45.201,0.000172
45.241,0.000226
45.281,0.000252
45.321,0.000133
45.361,0.000157
45.401,0.00014
45.441,0.000117
45.481,1.4e-05
45.521,-5.8e-05
45.561,-5.1e-05
45.601,-3e-06
45.641,0.000117
45.681,0.000198
45.721,0.000256
45.761,0.000267
45.801,0.000234
45.841,0.000147
45.881,9.9e-05
45.921,9.3e-05
45.961,0.000132
46.001,0.00013
46.041,0.000157
46.081,0.000162
46.121,0.000141
46.161,0.000116
46.201,5.6e-05
46.241,8.8e-05
46.281,8e-05
46.321,5.9e-05
46.361,2.5e-05
46.401,1.8e-05
46.441,0.000143
46.481,0.000277
46.521,0.000434
46.561,0.000533
46.601,0.000512
46.641,0.000414
46.681,0.00029
46.721,0.000133
46.761,-2.2e-05
46.801,-0.000121
46.841,-0.00013
46.881,-5.2e-05
46.921,-3.7e-05
46.961,-4e-05
47.001,-8.2e-05
47.041,-7.8e-05
47.081,-2.5e-05
47.121,5.3e-05
47.161,3.1e-05
47.201,-3.5e-05
47.241,-0.000179
47.281,-0.000288
47.321,-0.000387
47.361,-0.000411
47.401,-0.000424
47.441,-0.000321
47.481,-0.00028
47.521,-0.00021
47.561,-0.000323
47.601,-0.000468
47.641,-0.000565
47.681,-0.000683
47.721,-0.000653
47.761,-0.000688
47.801,-0.000555
47.841,-0.000566
47.881,-0.000531
47.921,-0.000523
47.961,-0.000395
48.001,-0.000241
48.041,-7.5e-05
48.081,2e-05
48.121,1.7e-05
48.161,-0.000154
48.201,-0.000317
48.241,-0.000322
48.281,-0.000203
48.321,-8.5e-05
48.361,-9.4e-05
48.401,-0.000133
48.441,-0.000207
48.481,-0.000235
48.521,-0.000172
48.561,1.8e-05
48.601,0.000232
48.641,0.000302
48.681,0.000244
48.721,0.000168
48.761,0.000179
48.801,0.00028
48.841,0.000249
48.881,0.000246
48.921,0.000118
48.961,4.8e-05
49.001,-9e-05
49.041,-5.5e-05
49.081,0.000101
49.121,0.000283
49.161,0.000392
49.201,0.000397
49.241,0.000357
49.281,0.000288
49.321,0.000248
49.361,0.000226
49.401,0.000236
49.441,0.000206
49.481,0.000164
49.521,0.000166
49.561,9.2e-05
49.601,8.6e-05
49.641,2.7e-05
49.681,5.4e-05
49.721,2.2e-05
49.761,-2.3e-05
49.801,-2.6e-05
49.841,6e-06
49.881,7e-06
49.921,3.7e-05
49.961,5.4e-05
50.001,0.000109
50.041,5e-05
50.081,-1.4e-05
50.121,-0.000116
50.161,-0.000123
50.201,-8.8e-05
50.241,4.9e-05
50.281,0.000198
50.321,0.000326
50.361,0.000347
50.401,0.000328
50.441,0.000246
50.481,0.000204
50.521,0.000148
50.561,4.4e-05
50.601,-6.7e-05
50.641,-0.000165
50.681,-0.000213
50.721,-0.000177
50.761,-9.8e-05
50.801,3.5e-05
50.841,7.5e-05
50.881,4.7e-05
50.921,-6.3e-05
50.961,-0.000132
51.001,-0.000169
51.041,-0.000107
51.081,-0.0001
51.121,-0.000132
51.161,-0.000171
51.201,-0.000202
51.241,-0.000154
51.281,-0.000125
51.321,-3.4e-05
51.361,-1e-06
51.401,1.4e-05
51.441,4.9e-05
51.481,-6e-06
51.521,-0.000136
51.561,-0.000312
51.601,-0.000334
51.641,-0.00023
51.681,-0.000145
51.721,-0.000119
51.761,-0.000121
51.801,-0.000166
51.841,-0.000144
51.881,-0.000105
51.921,-2.2e-05
51.961,7e-06
52.001,-1.9e-05
52.041,-1e-05
52.081,-3.7e-05
52.121,1.4e-05
52.161,-3e-06
52.201,-5.1e-05
52.241,-0.000134
52.281,-0.000197
52.321,-0.000144
52.361,-0.000129
52.401,-0.000111
52.441,-0.000182
52.481,-0.000216
52.521,-0.000252
52.561,-0.000209
52.601,-0.000178
52.641,-7e-05
52.681,-5.2e-05
52.721,-0.000113
52.761,-0.000226
52.801,-0.000357
52.841,-0.00035
52.881,-0.000291
52.921,-0.000123
52.961,-5e-05
53.001,-8.6e-05
53.041,-0.000271
53.081,-0.000423
53.121,-0.000411
53.161,-0.000284
53.201,-0.000169
53.241,-0.000103
53.281,-5.7e-05
53.321,3.2e-05
53.361,3.5e-05
53.401,4.8e-05
53.441,8e-06
53.481,-8.3e-05
53.521,-0.000223
53.561,-0.000391
53.601,-0.000432
53.641,-0.000394
53.681,-0.000341
53.721,-0.000246
53.761,-0.000179
53.801,-0.000109
53.841,-0.00013
53.881,-0.000176
53.921,-0.00018
53.961,-6.9e-05
54.001,-4.2e-05
54.041,-4.8e-05
54.081,-0.000229
54.121,-0.000266
54.161,-0.000262
54.201,-0.000251
54.241,-0.000249
54.281,-0.000226
54.321,-0.000111
54.361,-1.7e-05
54.401,1.9e-05
54.441,1.6e-05
54.481,-2.3e-05
54.521,-9.6e-05
54.561,-0.000134
54.601,-0.000163
54.641,-0.00015
54.681,-0.000215
54.721,-0.000264
54.761,-0.000269
54.801,-0.000248
54.841,-0.000168
54.881,-7.8e-05
54.921,1.2e-05
54.961,5.4e-05
55.001,1e-06
55.041,1.8e-05
55.081,-3.3e-05
55.121,4.5e-05
55.161,3.8e-05
55.201,1.1e-05
55.241,-7.5e-05
55.281,-0.000182
55.321,-0.000228
55.361,-0.000271
55.401,-0.000232
55.441,-0.000135
55.481,-7.2e-05
55.521,-8.5e-05
55.561,-0.000114
55.601,-0.000109
55.641,-7e-05
55.681,-6.1e-05
55.721,-8e-05
55.761,-4.3e-05
55.801,-0.000104
55.841,-8.5e-05
55.881,-0.000179
55.921,-0.000161
55.961,-0.00023
56.001,-0.000136
56.041,-3e-05
56.081,8.8e-05
56.121,8.6e-05
56.161,4e-06
56.201,-4e-05
56.241,-4.9e-05
56.281,-3.4e-05
56.321,-5.8e-05
56.361,-9.5e-05
56.401,-0.000139
56.441,-0.000195
56.481,-0.000247
56.521,-0.000216
56.561,-0.000124
56.601,-7.1e-05
56.641,-5.7e-05
56.681,1.9e-05
56.721,8.8e-05
56.761,9.3e-05
56.801,3.6e-05
56.841,-5.4e-05
56.881,-5.8e-05
56.921,-4.2e-05
56.961,9.9e-05
57.001,8.8e-05
57.041,0.0
57.081,-0.000197
57.121,-0.000272
57.161,-0.000335
57.201,-0.000288
57.241,-0.000285
57.281,-0.000213
57.321,-0.000159
57.361,-3.9e-05
57.401,5.6e-05
57.441,0.000135
57.481,0.000161
57.521,0.000146
57.561,9.7e-05
57.601,0.000109
57.641,9.8e-05
57.681,7.1e-05
57.721,1.7e-05
57.761,6e-06
57.801,-1.1e-05
57.841,-6.8e-05
57.881,-0.000189
57.921,-0.000272
57.961,-0.000281
58.001,-0.00022
58.041,-8.4e-05
58.081,2.3e-05
58.121,1.3e-05
58.161,-5.6e-05
58.201,-0.000125
58.241,-8.6e-05
58.281,2.2e-05
58.321,6.9e-05
58.361,7.7e-05
58.401,0.0
58.441,-1.4e-05
58.481,-0.000104
58.521,-0.000167
58.561,-0.000231
58.601,-0.000147
58.641,-0.000135
58.681,-9.5e-05
58.721,-7e-05
58.761,1.8e-05
58.801,7.1e-05
58.841,9.6e-05
58.881,7e-05
58.921,5.2e-05
58.961,-6e-06
59.001,-3.6e-05
59.041,-4.7e-05
59.081,-9.3e-05
59.121,-0.000119
59.161,-0.000208
59.201,-0.000204
59.241,-0.000207
59.281,-0.000228
59.321,-0.000268
59.361,-0.00028
59.401,-0.00016
59.441,-2.3e-05
59.481,0.000147
59.521,0.000163
59.561,0.00011
59.601,2e-06
59.641,-4.4e-05
59.681,-1.8e-05
59.721,1.9e-05
59.761,3e-06
59.801,-9.4e-05
59.841,-0.000231
59.881,-0.000247
59.921,-0.000174
59.961,-0.00012
60.001,-0.000167
60.041,-0.000208
60.081,-0.00023
60.121,-0.000128
60.161,-1.1e-05
60.201,0.000131
60.241,0.000155
60.281,0.000131
60.321,0.000119
60.361,0.000188
60.401,0.000209
60.441,0.000217
60.481,0.000173
60.521,4.9e-05
60.561,-0.000102
60.601,-0.00021
60.641,-0.000128
60.681,-4e-05
60.721,-3.6e-05
60.761,-0.000119
60.801,-0.000181
60.841,-0.0002
60.881,-0.000189
60.921,-0.000221
60.961,-0.000154
61.001,-7.8e-05
61.041,-3.9e-05
61.081,-5e-05
61.121,-2.5e-05
61.161,0.000114
61.201,0.000143
61.241,0.000104
61.281,-1.9e-05
61.321,-8.1e-05
61.361,-0.000184
61.401,-0.000265
61.441,-0.000276
61.481,-0.000185
61.521,-0.000164
61.561,-0.000129
61.601,-8.4e-05
61.641,0.0001
61.681,0.000174
61.721,0.000175
61.761,0.000172
61.801,0.000188
61.841,0.000175
61.881,0.000136
61.921,0.000117
61.961,0.000116
62.001,6e-05
62.041,1.1e-05
62.081,6.7e-05
62.121,0.000104
62.161,8.4e-05
62.201,-1.9e-05
62.241,-3.5e-05
62.281,6e-06
62.321,3.8e-05
62.361,9.7e-05
62.401,0.000114
62.441,0.000165
62.481,0.000167
62.521,0.000151
62.561,8.9e-05
62.601,-1e-06
62.641,-6.9e-05
62.681,-0.000104
62.721,-7e-05
62.761,-6.2e-05
62.801,-2.1e-05
62.841,-1.6e-05
62.881,8.8e-05
62.921,0.000169
62.961,0.00026
63.001,0.000246
63.041,0.000242
63.081,0.000137
63.121,0.000127
63.161,6.7e-05
63.201,7e-05
63.241,2.5e-05
63.281,-7.1e-05
63.321,-0.000221
63.361,-0.000351
63.401,-0.000368
63.441,-0.00033
63.481,-0.000267
63.521,-0.000204
63.561,-0.000108
63.601,9e-06
63.641,2.2e-05
63.681,-1.8e-05
63.721,-6.3e-05
63.761,-1.7e-05
63.801,-4.1e-05
63.841,-8.6e-05
63.881,-0.000146
63.921,-0.000155
63.961,-0.000158
64.001,-0.000206
64.041,-0.000168
64.081,-0.000171
64.121,-4.1e-05
64.161,1.9e-05
64.201,0.000118
64.241,0.000138
64.281,0.000155
64.321,0.000169
64.361,0.000175
64.401,0.000209
64.441,0.00021
64.481,0.000146
64.521,9.4e-05
64.561,-4e-06
64.601,-2.3e-05
64.641,-5.3e-05
64.681,-3.5e-05
64.721,-9.4e-05
64.761,-0.000104
64.801,-9.6e-05
64.841,-4.2e-05
64.881,6e-05
64.921,0.000108
64.961,0.000228
65.001,0.000267
65.041,0.000258
65.081,0.000211
65.121,8.5e-05
65.161,5.1e-05
65.201,-9e-06
65.241,-8.5e-05
65.281,-0.000204
65.321,-0.000308
65.361,-0.000232
65.401,-0.000152
65.441,1.4e-05
65.481,0.000105
65.521,0.000142
65.561,0.000116
65.601,6e-05
65.641,0.000137
65.681,0.000111
65.721,6.4e-05
65.761,2.7e-05
65.801,3.2e-05
65.841,5.4e-05
65.881,4.2e-05
65.921,2e-05
65.961,5e-05
66.001,5.8e-05
66.041,6.1e-05
66.081,4.1e-05
66.121,5e-06
66.161,1.5e-05
66.201,-2.3e-05
66.241,-2.4e-05
66.281,-2.1e-05
66.321,1.6e-05
66.361,-4e-06
66.401,8e-06
66.441,2.8e-05
66.481,4.1e-05
66.521,1.2e-05
66.561,-0.000135
66.601,-0.000155
66.641,-0.000248
66.681,-0.00013
66.721,-0.000154
66.761,-0.000119
66.801,-0.000125
66.841,-3.7e-05
66.881,9.8e-05
66.921,0.000204
66.961,0.000225
67.001,0.000215
67.041,0.000146
67.081,7.1e-05
67.121,1.6e-05
67.161,-7e-05
67.201,-5.6e-05
67.241,-0.000123
67.281,-0.00012
67.321,-0.000159
67.361,-0.000152
67.401,-8e-05
67.441,-2.7e-05
67.481,2.3e-05
67.521,5.7e-05
67.561,8.7e-05
67.601,0.0001
67.641,8.3e-05
67.681,9.9e-05
67.721,0.000115
67.761,8.8e-05
67.801,8.3e-05
67.841,9.4e-05
67.881,0.000132
67.921,8e-05
67.961,6.2e-05
68.001,1.7e-05
68.041,-3.5e-05
68.081,-0.000131
68.121,-0.000198
68.161,-0.000153
68.201,-3.4e-05
68.241,0.000105
68.281,0.000164
68.321,0.000194
68.361,0.000152
68.401,0.000152
68.441,0.000122
68.481,7.2e-05
68.521,-2e-05
68.561,-4.2e-05
68.601,2.3e-05
68.641,5e-05
68.681,3.4e-05
68.721,2e-05
68.761,9.8e-05
68.801,0.000203
68.841,0.000209
68.881,0.00014
68.921,2.7e-05
68.961,3.5e-05
69.001,8.5e-05
69.041,9.7e-05
69.081,6.7e-05
69.121,5.8e-05
69.161,8.2e-05
69.201,0.000103
69.241,0.000102
69.281,4.2e-05
69.321,1.3e-05
69.361,-4.8e-05
69.401,-3.6e-05
69.441,-4.8e-05
69.481,7e-06
69.521,0.000145
69.561,0.000239
69.601,0.000269
69.641,0.000179
69.681,7.1e-05
69.721,3e-06
69.761,1.7e-05
69.801,7.7e-05
69.841,0.000111
69.881,3.6e-05
69.921,-2.2e-05
69.961,-5.5e-05
70.001,-1.2e-05
70.041,8.6e-05
70.081,0.000239
70.121,0.000358
70.161,0.000327
70.201,0.00025
70.241,0.00013
70.281,0.000117
70.321,0.000103
70.361,0.000135
70.401,7.2e-05
70.441,-9e-06
70.481,-3.9e-05
70.521,-5e-06
70.561,-9e-06
70.601,-6.5e-05
70.641,-5e-05
70.681,1.7e-05
70.721,7.5e-05
70.761,6.6e-05
70.801,6.8e-05
70.841,7.4e-05
70.881,7e-05
70.921,1.9e-05
70.961,-5.4e-05
71.001,-0.000116
71.041,-0.00017
71.081,-0.000192
71.121,-0.000195
71.161,-0.00024
71.201,-0.000291
71.241,-0.000355
71.281,-0.000315
71.321,-0.000242
71.361,-0.000177
71.401,-0.000133
71.441,-0.000174
71.481,-0.000196
71.521,-0.000247
71.561,-0.000219
71.601,-0.000165
71.641,-0.000164
71.681,-0.00016
71.721,-0.000235
71.761,-0.000242
71.801,-0.000248
71.841,-0.000193
71.881,-0.000115
71.921,-1.7e-05
71.961,-2.7e-05
72.001,-4.1e-05
72.041,-0.00013
72.081,-0.000151
72.121,-0.000167
72.161,-0.000162
72.201,-0.000131
72.241,-0.000202
72.281,-0.000239
72.321,-0.000263
72.361,-0.000267
72.401,-0.000266
72.441,-0.000315
72.481,-0.00029
72.521,-0.000209
72.561,-0.000116
72.601,-2e-06
72.641,-4.9e-05
72.681,-6.8e-05
72.721,-0.000136
72.761,-6.1e-05
72.801,-2.5e-05
72.841,4.1e-05
72.881,1.2e-05
72.921,-5.9e-05
72.961,-0.00012
73.001,-0.000176
73.041,-8.4e-05
73.081,-3.6e-05
73.121,3.8e-05
73.161,5.3e-05
73.201,5.3e-05
73.241,6.1e-05
73.281,7.9e-05
73.321,5.5e-05
73.361,-1e-06
73.401,-5.1e-05
73.441,-9.5e-05
73.481,-7e-05
73.521,-9.2e-05
73.561,-3e-05
73.601,-7.8e-05
73.641,-6.5e-05
73.681,-7.3e-05
73.721,7.6e-05
73.761,0.000212
73.801,0.000326
73.841,0.000308
73.881,0.000231
73.921,0.000178
73.961,0.000171
74.001,0.000193
74.041,0.000194
74.081,0.000215
74.121,0.000171
74.161,8.6e-05
74.201,-0.000108
74.241,-0.000203
74.281,-0.000181
74.321,-3.3e-05
74.361,7.3e-05
74.401,8e-05
74.441,9.3e-05
74.481,0.000156
74.521,0.000238
74.561,0.000252
74.601,0.00024
74.641,0.000239
74.681,0.000236
74.721,0.00013
74.761,1.7e-05
74.801,-1.5e-05
74.841,1.6e-05
74.881,6.4e-05
74.921,3.2e-05
74.961,-2.8e-05
75.001,-5.5e-05
75.041,-0.000127
75.081,-0.000156
75.121,-0.000111
75.161,-4.4e-05
75.201,3.2e-05
75.241,-3.4e-05
75.281,-0.000155
75.321,-0.00027
75.361,-0.000251
75.401,-0.000216
75.441,-0.000157
75.481,-0.000169
75.521,6e-06
75.561,9.8e-05
75.601,0.000126
75.641,2.6e-05
75.681,-4e-05
75.721,-3.5e-05
75.761,-1.2e-05
75.801,2.5e-05
75.841,-5e-06
75.881,-3.4e-05
75.921,-7.7e-05
75.961,-4.8e-05
76.001,-3.9e-05
76.041,-7.3e-05
76.081,-0.000166
76.121,-0.000243
76.161,-0.000312
76.201,-0.000248
76.241,-0.000185
76.281,-2.5e-05
76.321,-1.4e-05
76.361,4.3e-05
76.401,-4e-05
76.441,-0.000126
76.481,-0.000282
76.521,-0.000276
76.561,-0.000238
76.601,-0.000215
76.641,-0.000183
76.681,-0.000163
76.721,-9.3e-05
76.761,-8.4e-05
76.801,-0.000131
76.841,-8.1e-05
76.881,-5.6e-05
76.921,6.7e-05
76.961,0.00014
77.001,0.000141
77.041,0.000164
77.081,0.000102
77.121,0.000141
77.161,2.8e-05
77.201,1e-05
77.241,-2.1e-05
77.281,5.6e-05
77.321,6.3e-05
77.361,2.5e-05
77.401,2.5e-05
77.441,9.7e-05
77.481,0.000238
77.521,0.000258
77.561,0.000263
77.601,0.000273
77.641,0.000375
77.681,0.000335
77.721,0.000293
77.761,0.000163
77.801,8.1e-05
77.841,6e-06
77.881,4.5e-05
77.921,0.000142
77.961,9.2e-05
78.001,4.1e-05
78.041,-2.6e-05
78.081,0.000124
78.121,0.000226
78.161,0.000314
78.201,0.000331
78.241,0.000374
78.281,0.000464
78.321,0.000448
78.361,0.000306
78.401,0.000181
78.441,9.7e-05
78.481,6.2e-05
78.521,-3e-06
78.561,-4.1e-05
78.601,-6.7e-05
78.641,-6.2e-05
78.681,1.1e-05
78.721,0.000105
78.761,0.000198
78.801,0.000233
78.841,0.000337
78.881,0.000372
78.921,0.000377
78.961,0.000366
79.001,0.000367
79.041,0.000329
79.081,0.000158
79.121,5.7e-05
79.161,6.4e-05
79.201,0.000164
79.241,0.000289
79.281,0.000335
79.321,0.000455
79.361,0.00046
79.401,0.000418
79.441,0.000302
79.481,0.000228
79.521,0.000272
79.561,0.000355
79.601,0.000403
79.641,0.000281
79.681,8.2e-05
79.721,-5e-05
79.761,-4.9e-05
79.801,0.000105
79.841,0.000237
79.881,0.000348
79.921,0.000368
79.961,0.000421
80.001,0.000431
80.041,0.000397
80.081,0.000232
80.121,0.000156
80.161,0.00014
80.201,0.000277
80.241,0.000312
80.281,0.000291
80.321,0.000143
80.361,5.3e-05
80.401,8.8e-05
80.441,0.000104
80.481,0.000157
80.521,8.1e-05
80.561,0.000125
80.601,0.000155
80.641,0.000227
80.681,0.000314
80.721,0.000355
80.761,0.000396
80.801,0.000295
80.841,0.000263
80.881,0.000175
80.921,0.000161
80.961,7.3e-05
81.001,5.9e-05
81.041,0.000149
81.081,0.000277
81.121,0.000324
81.161,0.000291
81.201,0.00032
81.241,0.00036
81.281,0.00027
81.321,0.000131
81.361,-8e-06
81.401,-2.8e-05
81.441,-4.1e-05
81.481,-1.2e-05
81.521,-6.8e-05
81.561,-0.000116
81.601,-0.000125
81.641,-4.4e-05
81.681,-5.4e-05
81.721,-4.6e-05
81.761,3.3e-05
81.801,0.00016
81.841,0.000262
81.881,0.000241
81.921,0.000189
81.961,5.2e-05
82.001,-1.2e-05
82.041,-8.5e-05
82.081,-4.1e-05
82.121,-0.000131
82.161,-9.1e-05
82.201,-1.4e-05
82.241,0.000117
82.281,0.000184
82.321,6.2e-05
82.361,9e-06
82.401,-3.3e-05
82.441,7.5e-05
82.481,0.000167
82.521,0.000215
82.561,7e-05
82.601,-2.6e-05
82.641,-0.000163
82.681,-0.000158
82.721,-0.000179
82.761,-0.000161
82.801,-0.000119
82.841,-0.000122
82.881,-5.9e-05
82.921,-1e-05
82.961,1.3e-05
83.001,-7e-06
83.041,-9.4e-05
83.081,-9.7e-05
83.121,-8.1e-05
83.161,-7e-06
83.201,3.8e-05
83.241,8.2e-05
83.281,0.000128
83.321,0.00013
83.361,0.000122
83.401,7.5e-05
83.441,9e-06
83.481,-7.5e-05
83.521,-0.00014
83.561,-0.000188
83.601,-9.1e-05
83.641,-5e-06
83.681,0.00012
83.721,0.000129
83.761,9.3e-05
83.801,1.2e-05
83.841,-0.000127
83.881,-0.000168
83.921,-0.000231
83.961,-0.000121
84.001,-0.00012
84.041,5e-06
84.081,-1.6e-05
84.121,6.7e-05
84.161,4.2e-05
84.201,5.2e-05
84.241,8e-06
84.281,-2.4e-05
84.321,-0.000112
84.361,-0.00014
84.401,-0.000184
84.441,-0.000177
84.481,-0.00022
84.521,-0.00029
84.561,-0.000308
84.601,-0.000258
84.641,-0.000175
84.681,-6.2e-05
84.721,1.3e-05
84.761,5.3e-05
84.801,2e-05
84.841,-7.3e-05
84.881,-0.00013
84.921,-0.000144
84.961,-0.000122
85.001,-0.0001
85.041,-0.000208
85.081,-0.000352
85.121,-0.000472
85.161,-0.000407
85.201,-0.000277
85.241,-0.000146
85.281,-0.000141
85.321,-0.00022
85.361,-0.000297
85.401,-0.000343
85.441,-0.000304
85.481,-0.000243
85.521,-0.000225
85.561,-0.000253
85.601,-0.000277
85.641,-0.000339
85.681,-0.000426
85.721,-0.000375
85.761,-0.000182
85.801,8.7e-05
85.841,0.000129
85.881,0.000141
85.921,0.0001
85.961,0.000193
86.001,0.000243
86.041,0.000271
86.081,0.000157
86.121,5e-06
86.161,-0.00015
86.201,-0.000224
86.241,-0.000148
86.281,-7e-06
86.321,9.7e-05
86.361,2.7e-05
86.401,-0.000102
86.441,-0.000176
86.481,-0.000293
86.521,-0.00034
86.561,-0.000391
86.601,-0.000354
86.641,-0.000335
86.681,-0.000375
86.721,-0.000357
86.761,-0.00041
86.801,-0.00037
86.841,-0.000314
86.881,-0.000161
86.921,-0.000134
86.961,-0.000172
87.001,-0.000243
87.041,-0.000257
87.081,-0.00023
87.121,-0.000191
87.161,-7.7e-05
87.201,-7.9e-05
87.241,-0.000114
87.281,-0.000214
87.321,-0.000255
87.361,-0.000214
87.401,-0.000126
87.441,-3e-05
87.481,-2.9e-05
87.521,-7.6e-05
87.561,-0.000104
87.601,-0.000122
87.641,-0.000135
87.681,-0.000125
87.721,-0.000154
87.761,-0.00023
87.801,-0.000354
87.841,-0.000323
87.881,-0.000237
87.921,-0.000131
87.961,-0.000111
88.001,-7.2e-05
88.041,-8.3e-05
88.081,-0.000165
88.121,-0.00026
88.161,-0.000263
88.201,-0.000194
88.241,-9.7e-05
88.281,-0.0001
88.321,-0.000154
88.361,-0.000226
88.401,-0.000236
88.441,-0.000165
88.481,-0.000112
88.521,-0.000131
88.561,-0.000186
88.601,-0.000189
88.641,-0.000154
88.681,-0.00012
88.721,-0.000141
88.761,-0.000121
88.801,-0.000106
88.841,-0.000138
88.881,-0.000248
88.921,-0.000301
88.961,-0.000365
89.001,-0.000278
89.041,-0.000233
89.081,2e-06
89.121,6.4e-05
89.161,0.000143
89.201,7.4e-05
89.241,8.9e-05
89.281,4.1e-05
89.321,-7e-06
89.361,-7.2e-05
89.401,-0.00015
89.441,-0.000202
89.481,-0.000235
89.521,-0.000259
89.561,-0.000285
89.601,-0.000294
89.641,-0.000298
89.681,-0.000289
89.721,-0.000229
89.761,-0.000204
89.801,-0.000122
89.841,-0.000105
89.881,5e-06
89.921,6e-05
89.961,0.000122
90.001,6.2e-05
90.041,-8.6e-05
90.081,-0.000223
90.121,-0.000234
90.161,-0.000268
90.201,-0.000269
90.241,-0.000306
90.281,-0.000214
90.321,-0.000117
90.361,1.4e-05
90.401,6.7e-05
90.441,1.8e-05
90.481,-5.4e-05
90.521,-5.3e-05
90.561,5e-06
90.601,-1.2e-05
90.641,-2.4e-05
90.681,-7.2e-05
90.721,-5.6e-05
90.761,-9e-05
90.801,-6.4e-05
90.841,-3.2e-05
90.881,-4.7e-05
90.921,-3.6e-05
90.961,9e-06
91.001,0.00016
91.041,0.000186
91.081,0.000127
91.121,3.1e-05
91.161,-3.3e-05
91.201,0.0
91.241,0.00011
91.281,0.000177
91.321,0.000153
91.361,1.5e-05
91.401,-1.9e-05
91.441,-3.1e-05
91.481,6.2e-05
91.521,7.6e-05
91.561,0.00012
91.601,4e-05
91.641,5.4e-05
91.681,2.3e-05
91.721,6.5e-05
91.761,2.7e-05
91.801,6.7e-05
91.841,0.000124
91.881,0.000243
91.922,0.000266
91.962,0.000175
92.002,6.4e-05
92.042,-3.2e-05
92.082,-3.1e-05
92.122,4.3e-05
92.162,0.000182
92.202,0.000302
92.242,0.000323
92.282,0.000309
92.322,0.000267
92.362,0.000264
92.402,0.000288
92.442,0.000333
92.482,0.000301
92.522,0.000241
92.562,0.000187
92.602,0.000144
92.642,6.8e-05
92.682,-8.4e-05
92.722,-0.000158
92.762,-0.000175
92.802,-0.000112
92.842,-0.000131
92.882,-0.000155
92.922,-0.000201
92.962,-0.000235
93.002,-0.000261
93.042,-0.000228
93.082,-0.000195
93.122,-0.000175
93.162,-0.000253
93.202,-0.000314
93.242,-0.000376
93.282,-0.000372
93.322,-0.000414
93.362,-0.000435
93.402,-0.000346
93.442,-0.000208
93.482,-0.000115
93.522,-0.000151
93.562,-0.000106
93.602,-0.000114
93.642,-0.000121
93.682,-0.000199
93.722,-0.000242
93.762,-0.000296
93.802,-0.000349
93.842,-0.000349
93.882,-0.000355
93.922,-0.000334
93.962,-0.000377
94.002,-0.000356
94.042,-0.000394
94.082,-0.000339
94.122,-0.00028
94.162,-0.000149
94.202,-9.3e-05
94.242,-4.2e-05
94.282,-3.9e-05
94.322,1.9e-05
94.362,6.3e-05
94.402,9.3e-05
94.442,0.00012
94.482,9.9e-05
94.522,0.00011
94.562,0.000113
94.602,0.000118
94.642,0.000131
94.682,8.6e-05
94.722,5.8e-05
94.762,-1e-06
94.802,2.8e-05
94.842,8.4e-05
94.882,0.000171
94.922,0.000159
94.962,0.000176
95.002,0.000187
95.042,0.000235
95.082,0.000161
95.122,0.000106
95.162,1.9e-05
95.202,-3.5e-05
95.242,-8.3e-05
95.282,-7.2e-05
95.322,-7.6e-05
95.362,-7.5e-05
95.402,-6.9e-05
95.442,-3.1e-05
95.482,-6e-06
95.522,-4.2e-05
95.562,-0.000146
95.602,-0.000251
95.642,-0.000311
95.682,-0.000255
95.722,-0.000205
95.762,-0.000146
95.802,-0.000127
95.842,-4.2e-05
95.882,3e-05
95.922,8.7e-05
95.962,0.000128
96.002,0.00015
96.042,0.000167
96.082,0.000107
96.122,1e-06
96.162,-9.6e-05
96.202,-0.000197
96.242,-0.000134
96.282,-0.000102
96.322,-0.000101
96.362,-0.000156
96.402,-0.00019
96.442,-0.000228
96.482,-0.000237
96.522,-0.000159
96.562,-4.3e-05
96.602,-5.9e-05
96.642,-9.3e-05
96.682,-0.000138
96.722,-0.000126
96.762,-9.6e-05
96.802,-1e-06
96.842,5.8e-05
96.882,6e-05
96.922,5e-06
96.962,-3.2e-05
97.002,-6.6e-05
97.042,-9.3e-05
97.082,-1.1e-05
97.122,4.8e-05
97.162,3.4e-05
97.202,-0.0001
97.242,-0.000113
97.282,-6.7e-05
97.322,9.2e-05
97.362,0.000131
97.402,0.000239
97.442,0.000241
97.482,0.000277
97.522,0.00026
97.562,0.000265
97.602,0.000241
97.642,0.000205
97.682,0.000128
97.722,7e-06
97.762,-3e-05
97.802,-0.000109
97.842,2e-06
97.882,2.5e-05
97.922,0.000135
97.962,0.000191
98.002,0.000227
98.042,0.000232
98.082,0.00011
98.122,3.4e-05
98.162,9e-06
98.202,1.3e-05
98.242,-1.1e-05
98.282,-4.9e-05
98.322,7e-06
98.362,6.8e-05
98.402,0.000178
98.442,0.000122
98.482,5.6e-05
98.522,-6.8e-05
98.562,-0.000105
98.602,-7.3e-05
98.642,3e-06
98.682,0.000106
98.722,0.000209
98.762,0.000256
98.802,0.000258
98.842,0.000189
98.882,0.000169
98.922,0.000243
98.962,0.000275
99.002,0.000235
99.042,0.000106
99.082,2.9e-05
99.122,-1.4e-05
99.162,-7.2e-05
99.202,-0.000141
99.242,-7.7e-05
99.282,5.1e-05
99.322,0.000262
99.362,0.000321
99.402,0.000319
99.442,0.000208
99.482,0.000143
99.522,4.2e-05
99.562,2.3e-05
99.602,-2.9e-05
99.642,-6e-06
99.682,-7.7e-05
99.722,-7.1e-05
99.762,-0.000101
99.802,-0.00014
99.842,-0.000147
99.882,-0.000202
99.922,-0.000167
99.962,-0.000128
100.002,1.8e-05
100.042,0.000147
100.082,0.00011
100.122,7e-06
100.162,-0.000127
100.202,-0.000179
100.242,-0.000136
100.282,-1e-05
100.322,0.000142
100.362,0.000163
100.402,6e-05
100.442,-7.4e-05
100.482,-0.000146
100.522,-8.3e-05
100.562,-2.5e-05
100.602,4.9e-05
100.642,4.1e-05
100.682,-1.1e-05
100.722,-3.7e-05
100.762,-7.4e-05
100.802,-5.4e-05
100.842,-7e-05
100.882,-0.0001
100.922,-6.3e-05
100.962,-2.9e-05
101.002,5.2e-05
101.042,3.9e-05
101.082,-6e-06
101.122,-4.3e-05
101.162,-0.000118
101.202,-0.000203
101.242,-0.000188
101.282,-0.000161
101.322,-5.7e-05
101.362,-2.6e-05
101.402,4.3e-05
101.442,0.00015
101.482,0.000255
101.522,0.000317
101.562,0.000288
101.602,0.000216
101.642,0.000166
101.682,7.7e-05
101.722,-2.7e-05
101.762,-4.7e-05
101.802,4.7e-05
101.842,9.3e-05
101.882,8.4e-05
101.922,5.3e-05
101.962,0.000101
102.002,0.000226
102.042,0.000218
102.082,0.000234
102.122,0.000251
102.162,0.000387
102.202,0.000404
102.242,0.000301
102.282,0.00014
102.322,7.6e-05
102.362,3.9e-05
102.402,4.8e-05
102.442,2.3e-05
102.482,7e-05
102.522,0.000123
102.562,0.000177
102.602,0.000159
102.642,0.000107
102.682,0.0001
102.722,0.000143
102.762,0.000214
102.802,0.00019
102.842,8.4e-05
102.882,3.2e-05
102.922,5.9e-05
102.962,0.000135
103.002,7.1e-05
103.042,-6e-06
103.082,-7.7e-05
103.122,-1e-05
103.162,0.000131
103.202,0.000244
103.242,0.000332
103.282,0.00029
103.322,0.000197
103.362,8.4e-05
103.402,9.9e-05
103.442,0.000169
103.482,0.000193
103.522,0.000189
103.562,0.000135
103.602,0.000146
103.642,8e-05
103.682,5e-05
103.722,4.6e-05
103.762,0.000114
103.802,0.000187
103.842,0.000225
103.882,0.000223
103.922,0.000249
103.962,0.000148
104.002,0.000128
104.042,0.00012
104.082,0.00021
104.122,0.000214
104.162,0.000239
104.202,0.000255
104.242,0.00021
104.282,6.3e-05
104.322,-7.1e-05
104.362,-0.000132
104.402,-7.3e-05
104.442,3.8e-05
104.482,0.000191
104.522,0.000281
104.562,0.000291
104.602,0.000246
104.642,0.000204
104.682,0.000162
104.722,0.000118
104.762,1.7e-05
104.802,-8.7e-05
104.842,-0.000103
104.882,-0.000134
104.922,-0.00017
104.962,-0.000265
105.002,-0.000264
105.042,-0.000205
105.082,-0.000117
105.122,2e-05
105.162,0.000148
105.202,0.000263
105.242,0.000275
105.282,0.000273
105.322,0.000216
105.362,0.000242
105.402,0.000233
105.442,0.000172
105.482,6.6e-05
105.522,-5.3e-05
105.562,-0.000115
105.602,-0.00014
105.642,-0.000123
105.682,-7.4e-05
105.722,-9.1e-05
105.762,-0.000139
105.802,-0.000136
105.842,-7e-05
105.882,2.8e-05
105.922,9.3e-05
105.962,4.4e-05
106.002,4.9e-05
106.042,4e-06
106.082,2e-05
106.122,6.7e-05
106.162,0.00013
106.202,7.4e-05
106.242,-0.0001
106.282,-0.000259
106.322,-0.000274
106.362,-0.000269
106.402,-0.000227
106.442,-0.000267
106.482,-0.000197
106.522,-0.000148
106.562,-0.0
106.602,-1.4e-05
106.642,-5.7e-05
106.682,-0.000121
106.722,-8.8e-05
106.762,-8.1e-05
106.802,-6.3e-05
106.842,-1.3e-05
106.882,1.3e-05
106.922,5.8e-05
106.962,-4.2e-05
107.002,-0.000151
107.042,-0.00024
107.082,-0.000258
107.122,-0.00017
107.162,-0.000137
107.202,-9.2e-05
107.242,-7.4e-05
107.282,-2e-05
107.322,1.9e-05
107.362,-2e-06
107.402,-6.8e-05
107.442,-0.000146
107.482,-0.000111
107.522,-8.6e-05
107.562,-1.7e-05
107.602,8.3e-05
107.642,0.0001
107.682,8.5e-05
107.722,-3.5e-05
107.762,-0.000118
107.802,-0.00023
107.842,-0.000337
107.882,-0.000372
107.922,-0.000325
107.962,-0.000175
108.002,-4.8e-05
108.042,4e-06
108.082,-1e-06
108.122,7e-06
108.162,4.8e-05
108.202,6e-06
108.242,-4e-05
108.282,-4e-06
108.322,7.4e-05
108.362,0.000117
108.402,0.000118
108.442,5.1e-05
108.482,5.6e-05
108.522,-1.7e-05
108.562,-1.3e-05
108.602,7e-06
108.642,0.000132
108.682,0.000246
108.722,0.000281
108.762,0.000228
108.802,0.000213
108.842,0.000186
108.882,0.000191
108.922,0.000112
108.962,6.7e-05
109.002,1.5e-05
109.042,2.8e-05
109.082,5.9e-05
109.122,0.000103
109.162,0.000157
109.202,0.000212
109.242,0.000211
109.282,0.000198
109.322,0.000193
109.362,0.000213
109.402,0.000235
109.442,0.000242
109.482,0.000327
109.522,0.000347
109.562,0.000277
109.602,0.000162
109.642,8.7e-05
109.682,5.5e-05
109.722,4.4e-05
109.762,0.00011
109.802,0.000201
109.842,0.000345
109.882,0.000399
109.922,0.000439
109.962,0.000364
110.002,0.000257
110.042,0.000176
110.082,0.000141
110.122,0.000165
110.162,0.000175
110.202,0.000191
110.242,0.000199
110.282,0.000192
110.322,0.000154
110.362,0.000138
110.402,0.000141
110.442,0.000164
110.482,0.000211
110.522,0.000194
110.562,0.000228
110.602,0.000214
110.642,0.000303
110.682,0.000392
110.722,0.000451
110.762,0.000426
110.802,0.000267
110.842,0.000157
110.882,6.7e-05
110.922,9.1e-05
110.962,9e-05
111.002,0.000182
111.042,0.000279
111.082,0.000326
111.122,0.000304
111.162,0.000183
111.202,0.000163
111.242,0.000148
111.282,0.000223
111.322,0.000241
111.362,0.000131
111.402,-1.2e-05
111.442,-0.0002
111.482,-0.000265
111.522,-0.000262
111.562,-0.000235
111.602,-9.8e-05
111.642,7.8e-05
111.682,0.000211
111.722,0.000193
111.762,0.000134
111.802,7.5e-05
111.842,0.000107
111.882,9.4e-05
111.922,0.000151
111.962,0.000134
112.002,6.6e-05
112.042,6e-06
112.082,-8.1e-05
112.122,-0.000125
112.162,-0.000135
112.202,-0.000144
112.242,-0.000105
112.282,-0.000123
112.322,-7.1e-05
112.362,-2.7e-05
112.402,0.000105
112.442,0.000143
112.482,0.00015
112.522,3.7e-05
112.562,-1.2e-05
112.602,-3.2e-05
112.642,-2.2e-05
112.682,6.6e-05
112.722,0.000127
112.762,0.000195
112.802,0.000176
112.842,0.000116
112.882,2.7e-05
112.922,-2.8e-05
112.962,-2.9e-05
113.002,-5e-06
113.042,-9e-06
113.082,-2.2e-05
113.122,5e-06
113.162,8e-05
113.202,0.000123
113.242,0.000148
113.282,0.000154
113.322,0.00019
113.362,0.000253
113.402,0.000305
113.442,0.000313
113.482,0.000242
113.522,0.00017
113.562,0.000102
113.602,8e-05
113.642,0.000114
113.682,0.000101
113.722,6.3e-05
113.762,-4e-05
113.802,-0.000147
113.842,-0.000187
113.882,-0.000149
113.922,2.6e-05
113.962,0.000195
114.002,0.000356
114.042,0.000399
114.082,0.00034
114.122,0.00022
114.162,0.000155
114.202,0.000156
114.242,0.000249
114.282,0.000254
114.322,0.000245
114.362,0.000132
114.402,6.3e-05
114.442,4.7e-05
114.482,3e-05
114.522,0.000106
114.562,0.000169
114.602,0.000295
114.642,0.000375
114.682,0.000393
114.722,0.000371
114.762,0.000337
114.802,0.000325
114.842,0.000307
114.882,0.000207
114.922,0.000159
114.962,8.1e-05
115.002,7.7e-05
115.042,-7e-06
115.082,0.0
115.122,2.4e-05
115.162,8.5e-05
115.202,4.6e-05
115.242,3.6e-05
115.282,9e-06
115.322,0.000161
115.362,0.000214
115.402,0.000335
115.442,0.000301
115.482,0.000346
115.522,0.000362
115.562,0.000388
115.602,0.00037
115.642,0.000245
115.682,0.000114
115.722,1.3e-05
115.762,5e-06
115.802,-6.1e-05
115.842,-0.000137
115.882,-0.000147
115.922,-5.4e-05
115.962,0.000116
116.002,0.00018
116.042,0.00013
116.082,5.6e-05
116.122,9e-05
116.162,0.000192
116.202,0.000238
116.242,0.000208
116.282,0.000176
116.322,0.000132
116.362,0.000112
116.402,7.4e-05
116.442,6.3e-05
116.482,-7.8e-05
116.522,-0.000171
116.562,-0.000266
116.602,-0.000184
116.642,-0.000114
116.682,-2e-06
116.722,0.000102
116.762,0.000234
116.802,0.000246
116.842,0.000234
116.882,0.000151
116.922,0.000162
116.962,0.000107
117.002,5.4e-05
117.042,-4.9e-05
117.082,-0.000132
117.122,-0.000195
117.162,-0.000244
117.202,-0.000158
117.242,-3.4e-05
117.282,0.000109
117.322,6.8e-05
117.362,8.8e-05
117.402,4.7e-05
117.442,5.7e-05
117.482,-5.8e-05
117.522,-0.000128
117.562,-8.2e-05
117.602,-3.5e-05
117.642,-7.7e-05
117.682,-0.000191
117.722,-0.000298
117.762,-0.000293
117.802,-0.000283
117.842,-0.000156
117.882,-5.9e-05
117.922,3e-05
117.962,6.5e-05
118.002,4e-05
118.042,-4.8e-05
118.082,-9.4e-05
118.122,-1.8e-05
118.162,9.5e-05
118.202,3.2e-05
118.242,-8.1e-05
118.282,-0.000194
118.322,-0.000175
118.362,-0.000167
118.402,-0.000196
118.442,-0.000285
118.482,-0.000311
118.522,-0.000216
118.562,-0.000113
118.602,-6.8e-05
118.642,-0.000131
118.682,-0.000144
118.722,-0.000116
118.762,-0.000102
118.802,-0.000124
118.842,-0.000195
118.882,-0.000253
118.922,-0.000231
118.962,-0.000143
119.002,-0.000126
119.042,-0.000196
119.082,-0.000303
119.122,-0.000305
119.162,-0.000322
119.202,-0.0003
119.242,-0.000285
119.282,-0.000117
119.322,-3.6e-05
119.362,9.7e-05
119.402,0.000161
119.442,0.000183
119.482,8.3e-05
119.522,-1.6e-05
119.562,-6.3e-05
119.602,-4.9e-05
119.642,-5.7e-05
119.682,-0.000114
119.722,-6.3e-05
119.762,5e-06
119.802,8.5e-05
119.842,7.1e-05
119.882,4e-05
119.922,0.000118
119.962,0.0002
120.002,0.000276
120.042,0.000269
120.082,0.000155
120.122,2.1e-05
120.162,-0.000103
120.202,-8.6e-05
120.242,-8.7e-05
120.282,-0.00011
120.322,-9.8e-05
120.362,0.0
120.402,0.000164
120.442,0.000212
120.482,0.000185
120.522,9.3e-05
120.562,8.5e-05
120.602,0.000115
120.642,0.000207
120.682,0.000277
120.722,0.000341
120.762,0.000429
120.802,0.000369
120.842,0.000266
120.882,0.000114
120.922,4.3e-05
120.962,1.1e-05
121.002,2.9e-05
121.042,0.000127
121.082,0.000281
121.122,0.000318
121.162,0.000267
121.202,0.000159
121.242,9.3e-05
121.282,5.4e-05
121.322,3.5e-05
121.362,-6.8e-05
121.402,-9.3e-05
121.442,-0.000166
121.482,-0.000184
121.522,-0.000166
121.562,-5.7e-05
121.602,8.8e-05
121.642,0.000165
121.682,0.000238
121.722,0.000283
121.762,0.000279
121.802,0.000167
121.842,0.00012
121.882,6.3e-05
121.922,0.000115
121.962,7.2e-05
122.002,2e-06
122.042,-0.000183
122.082,-0.000215
122.122,-0.000223
122.162,-9e-05
122.202,-1.4e-05
122.242,0.000128
122.282,0.000141
122.322,0.000112
122.362,8.2e-05
122.402,-3.5e-05
122.442,-0.000117
122.482,-0.000248
122.522,-0.000236
122.562,-0.000247
122.602,-0.000287
122.642,-0.000329
122.682,-0.000329
122.722,-0.000282
122.762,-0.000302
122.802,-0.000353
122.842,-0.000261
122.882,-7.7e-05
122.922,5.1e-05
122.962,3.6e-05
123.002,-6.8e-05
123.042,-9.4e-05
123.082,-0.000161
123.122,-0.000203
123.162,-0.000224
123.202,-0.000231
123.242,-0.000205
123.282,-0.000213
123.322,-0.00024
123.362,-0.000234
123.402,-0.000235
123.442,-0.000244
123.482,-0.000267
123.522,-0.000326
123.562,-0.000216
123.602,-0.000158
123.642,-0.00012
123.682,-0.000112
123.722,-6.6e-05
123.762,3.3e-05
123.802,-4e-06
123.842,-5.5e-05
123.882,-5.6e-05
123.922,2e-06
123.962,7e-06
124.002,-2.8e-05
124.042,-2.1e-05
124.082,-5.5e-05
124.122,-8.4e-05
124.162,-0.000202
124.202,-0.000191
124.242,-0.000185
124.282,-9.4e-05
124.322,-8.3e-05
124.362,-5e-06
124.402,-2.6e-05
124.442,-3.2e-05
124.482,-6.7e-05
124.522,-7.4e-05
124.562,-2.4e-05
124.602,-1.1e-05
124.642,-8.2e-05
124.682,-0.000129
124.722,-0.000191
124.762,-0.000146
124.802,-0.000151
124.842,-0.000106
124.882,2e-06
124.922,8e-05
124.962,0.000134
125.002,7.5e-05
125.042,-3.7e-05
125.082,-0.00015
125.122,-0.000216
125.162,-0.000184
125.202,-0.000239
125.242,-0.00032
125.282,-0.000386
125.322,-0.000472
125.362,-0.000518
125.402,-0.0006
125.442,-0.000574
125.482,-0.000531
125.522,-0.000458
125.562,-0.000451
125.602,-0.000399
125.642,-0.000325
125.682,-0.000156
125.722,-0.000113
125.762,-0.000162
125.802,-0.000225
125.842,-0.000194
125.882,-0.000139
125.922,-0.00021
125.962,-0.00028
126.002,-0.000311
126.042,-0.000269
126.082,-0.000205
126.122,-7.8e-05
126.162,8.5e-05
126.202,0.000147
126.242,0.000116
126.282,6.4e-05
126.322,4.2e-05
126.362,-1.5e-05
126.402,2.8e-05
126.442,0.000154
126.482,0.000254
126.522,0.000262
126.562,0.000125
126.602,6.2e-05
126.642,2.5e-05
126.682,8.7e-05
126.722,0.00014
126.762,0.000221
126.802,0.000274
126.842,0.000334
126.882,0.000266
126.922,0.000298
126.962,0.000285
127.002,0.000345
127.042,0.000303
127.082,0.000252
127.122,0.000194
127.162,7.7e-05
127.202,-4e-06
127.242,-5.3e-05
127.282,6.1e-05
127.322,0.000228
127.362,0.000331
127.402,0.000337
127.442,0.000293
127.482,0.000187
127.522,0.000134
127.562,2.9e-05
127.602,1.2e-05
127.642,-5.6e-05
127.682,-3e-05
127.722,-8.5e-05
127.762,-0.000156
127.802,-0.000178
127.842,-0.000133
127.882,-4.9e-05
127.922,7e-06
127.962,6.1e-05
128.002,1.6e-05
128.042,-7.8e-05
128.082,-0.000154
128.122,-6.5e-05
128.162,3.5e-05
128.202,0.000124
128.242,3.8e-05
128.282,-3e-05
128.322,-0.000165
128.362,-0.000192
128.402,-0.000265
128.442,-0.000186
128.482,-0.000124
128.522,-2.2e-05
128.562,2.9e-05
128.602,2.6e-05
128.642,2.9e-05
128.682,-6e-06
128.722,3.5e-05
128.762,3.3e-05
128.802,-4e-05
128.842,-0.000187
128.882,-0.000344
128.922,-0.00031
128.962,-0.000253
129.002,-0.000221
129.042,-0.000265
129.082,-0.000366
129.122,-0.000338
129.162,-0.000311
129.202,-0.000168
129.242,-0.000109
129.282,-5.3e-05
129.322,-1.4e-05
129.362,2.7e-05
129.402,0.000152
129.442,0.000214
129.482,0.000191
129.522,0.000102
129.562,6.5e-05
129.602,7.2e-05
129.642,2.5e-05
129.682,-5.9e-05
129.722,-0.000146
129.762,-0.000249
129.802,-0.000336
129.842,-0.000318
129.882,-0.00023
129.922,-0.000106
129.962,-0.000119
130.002,-7.6e-05
130.042,3e-06
130.082,0.000123
130.122,0.000167
130.162,0.000102
130.202,-4.4e-05
130.242,-0.000152
130.282,-0.000244
130.322,-0.000231
130.362,-0.000244
130.402,-0.000194
130.442,-0.000191
130.482,-0.000181
130.522,-0.000155
130.562,-0.000107
130.602,-4.6e-05
130.642,-7e-06
130.682,3e-05
130.722,5.2e-05
130.762,9.3e-05
130.802,0.000234
130.842,0.000262
130.882,0.000274
130.922,0.000149
130.962,9.1e-05
131.002,0.00015
131.042,0.000261
131.082,0.000434
131.122,0.000449
131.162,0.000467
131.202,0.000444
131.242,0.000465
131.282,0.000475
131.322,0.000397
131.362,0.000307
131.402,0.000183
131.442,0.000156
131.482,0.000107
131.522,0.000131
131.562,9e-05
